0,1,David,Jordan,djordan0@home.pl,Male
1,2,Stephen,Riley,sriley1@hugedomains.com,Male
2,3,Evelyn,Grant,egrant2@livejournal.com,Female
3,4,Joe,Mendoza,jmendoza3@un.org,Male
4,5,Benjamin,Rodriguez,brodriguez4@elpais.com,Male
5,6,Kathleen,Crawford,kcrawford5@cbsnews.com,Female
6,7,Daniel,Marshall,dmarshall6@salon.com,Male
7,8,Diana,Coleman,dcoleman7@amazonaws.com,Female
8,9,Frances,Black,fblack8@webnode.com,Female
9,10,Tammy,Arnold,tarnold9@ebay.co.uk,Female
10,11,Jeffrey,Matthews,jmatthewsa@mapquest.com,Male
11,12,Roy,Harrison,rharrisonb@youtube.com,Male
12,13,Ernest,Bishop,ebishopc@intel.com,Male
13,14,Brian,Griffin,bgriffind@issuu.com,Male
14,15,Alice,Howell,ahowelle@boston.com,Female
15,16,Emily,Garza,egarzaf@51.la,Female
16,17,Sarah,Perez,sperezg@mail.ru,Female
17,18,Earl,Harvey,eharveyh@cpanel.net,Male
18,19,Larry,Watkins,lwatkinsi@archive.org,Male
19,20,Timothy,Edwards,tedwardsj@altervista.org,Male
20,21,Theresa,Phillips,tphillipsk@1688.com,Female
21,22,Timothy,Lawrence,tlawrencel@fema.gov,Male
22,23,Gregory,Daniels,gdanielsm@goo.ne.jp,Male
23,24,Laura,Ross,lrossn@delicious.com,Female
24,25,Martin,Burton,mburtono@stumbleupon.com,Male
25,26,Antonio,Chapman,achapmanp@trellian.com,Male
26,27,Tina,Lawson,tlawsonq@ed.gov,Female
27,28,Heather,Wallace,hwallacer@quantcast.com,Female
28,29,Mary,Stone,mstones@newyorker.com,Female
29,30,Angela,Flores,aflorest@deviantart.com,Female
30,31,Andrew,Hudson,ahudsonu@nymag.com,Male
31,32,Lillian,Boyd,lboydv@forbes.com,Female
32,33,Julia,Hawkins,jhawkinsw@ocn.ne.jp,Female
33,34,Alice,Sullivan,asullivanx@shinystat.com,Female
34,35,Adam,Tucker,atuckery@nasa.gov,Male
35,36,Rebecca,Fernandez,rfernandezz@symantec.com,Female
36,37,Frank,Bailey,fbailey10@google.com.hk,Male
37,38,Julia,Stephens,jstephens11@storify.com,Female
38,39,Ann,Carroll,acarroll12@msu.edu,Female
39,40,Kenneth,Duncan,kduncan13@ehow.com,Male
40,41,Roy,Flores,rflores14@ameblo.jp,Male
41,42,Gary,Dixon,gdixon15@jiathis.com,Male
42,43,Lois,Pierce,lpierce16@surveymonkey.com,Female
43,44,Barbara,Olson,bolson17@desdev.cn,Female
44,45,Brian,Daniels,bdaniels18@yelp.com,Male
45,46,Helen,Campbell,hcampbell19@patch.com,Female
46,47,Adam,Banks,abanks1a@cam.ac.uk,Male
47,48,Frank,Murray,fmurray1b@ning.com,Male
48,49,Christina,Edwards,cedwards1c@stumbleupon.com,Female
49,50,Stephanie,Gonzalez,sgonzalez1d@patch.com,Female
50,51,Steven,Peterson,speterson1e@alibaba.com,Male
51,52,Robin,Sims,rsims1f@globo.com,Female
52,53,Gerald,Dean,gdean1g@prnewswire.com,Male
53,54,Kimberly,Ellis,kellis1h@mail.ru,Female
54,55,Brandon,Franklin,bfranklin1i@php.net,Male
55,56,Jane,Fuller,jfuller1j@nationalgeographic.com,Female
56,57,Andrew,Richardson,arichardson1k@mit.edu,Male
57,58,Adam,Robertson,arobertson1l@webmd.com,Male
58,59,Stephen,Hunt,shunt1m@eepurl.com,Male
59,60,Amanda,Carter,acarter1n@hc360.com,Female
60,61,Elizabeth,Edwards,eedwards1o@fotki.com,Female
61,62,Anna,Moreno,amoreno1p@linkedin.com,Female
62,63,Rebecca,Fisher,rfisher1q@weebly.com,Female
63,64,Jesse,Payne,jpayne1r@wufoo.com,Male
64,65,Tammy,Spencer,tspencer1s@newyorker.com,Female
65,66,Dorothy,Thomas,dthomas1t@moonfruit.com,Female
66,67,Gerald,Weaver,gweaver1u@sphinn.com,Male
67,68,Shawn,Dean,sdean1v@boston.com,Male
68,69,Rebecca,George,rgeorge1w@wikispaces.com,Female
69,70,Gerald,Johnson,gjohnson1x@rambler.ru,Male
70,71,Norma,Cox,ncox1y@pcworld.com,Female
71,72,Juan,Woods,jwoods1z@ask.com,Male
72,73,Terry,Ramos,tramos20@sitemeter.com,Male
73,74,David,Anderson,danderson21@ucoz.com,Male
74,75,Donald,Morgan,dmorgan22@wiley.com,Male
75,76,Billy,Bryant,bbryant23@hatena.ne.jp,Male
76,77,Willie,Stone,wstone24@4shared.com,Male
77,78,Terry,Porter,tporter25@mediafire.com,Male
78,79,Gloria,Edwards,gedwards26@discuz.net,Female
79,80,Janice,Payne,jpayne27@prnewswire.com,Female
80,81,Aaron,Black,ablack28@xing.com,Male
81,82,Joshua,Nichols,jnichols29@sciencedaily.com,Male
82,83,Donna,Ramos,dramos2a@whitehouse.gov,Female
83,84,Johnny,Romero,jromero2b@ed.gov,Male
84,85,Paula,Nelson,pnelson2c@wordpress.com,Female
85,86,Jack,Hamilton,jhamilton2d@scientificamerican.com,Male
86,87,Howard,Hart,hhart2e@ted.com,Male
87,88,Frank,Kim,fkim2f@foxnews.com,Male
88,89,Mildred,Jenkins,mjenkins2g@livejournal.com,Female
89,90,Betty,Dunn,bdunn2h@admin.ch,Female
90,91,Anna,Porter,aporter2i@unc.edu,Female
91,92,Ann,Spencer,aspencer2j@sina.com.cn,Female
92,93,Nicole,Cunningham,ncunningham2k@hugedomains.com,Female
93,94,Patricia,Dunn,pdunn2l@4shared.com,Female
94,95,Scott,Garrett,sgarrett2m@themeforest.net,Male
95,96,Adam,Banks,abanks2n@scientificamerican.com,Male
96,97,Antonio,Franklin,afranklin2o@loc.gov,Male
97,98,Joe,Allen,jallen2p@quantcast.com,Male
98,99,Rebecca,Russell,rrussell2q@wordpress.com,Female
99,100,Kathy,Sanchez,ksanchez2r@ebay.co.uk,Female
